Name,Football-Ref-Code,Position
Zach Allen,AlleZa01,LDT
Dan Arnold,ArnoDa00,te
Budda Baker,BakeBu00,SS
Chris Banjo,BanjCh00,fs
De'Vante Bausby,BausDe00,
Evan Baylis,BaylEv00,
Kelvin Beachum,BeacKe00,RT
Angelo Blackson,BlacAn00,NT
Aaron Brewer,BrewAa00,
De'Vondre Campbell,CampDe00,LILB
Mason Cole,ColeMa02,C
Trevon Coley,ColeTr01,
Darrell Daniels,DaniDa02,TE
Seth Devalve,DevaSe00,TE
Michael Dogbe,DogbMi00,
Kenyan Drake,DrakKe00,RB
Chase Edmonds,EdmoCh00,RB
Kylie Fitts,FittKy00,
Larry Fitzgerald,FitzLa00,WR
D.J. Foster,FostD.01,RB
Leki Fotu,FotuLe00,
Lamont Gaillard,GailLa00,
Max Garcia,GarcMa00,
Dennis Gardeck,GardDe01,
Markus Golden,GoldMa00,ROLB
Zane Gonzalez,GonzZa00,K
Jordan Hicks,HickJo00,RILB
DeAndre Hopkins,HopkDe00,WR
D.J. Humphries,HumpD.00,LT
Isaiah Irving,IrviIs00,
Andy Isabella,IsabAn00,WR
KeeSean Johnson,JohnKe07,WR
Chandler Jones,JoneCh03,lolb
Josh Jones,JoneJo07,
Johnathan Joseph,JoseJo20,
Devon Kennard,KennDe00,
Christian Kirk,KirkCh01,WR
Dre Kirkpatrick,KirkDr00,RCB
Rashard Lawrence,LawrRa01,
Andy Lee,LeexAn20,P
Josh Mauro,MaurJo00,
Stacy McGee,McGeSt01,
Byron Murphy,MurpBy00,rcb
Justin Murray,MurrJu00,rg
Kyler Murray,MurrKy00,QB
Mike Nugent,nugenmik01,
Domata Peko,PekoDo20,de
Corey Peters,PeteCo00,NT
Kevin Peterson,PeteKe01,
Patrick Peterson,PetePa00,LCB
Jordan Phillips,PhilJo01,RDT
Justin Pugh,PughJu00,LG
Haason Reddick,ReddHa00,LOLB
Curtis Riley,RileCu00,
Trent Sherfield,SherTr00,WR
Isaiah Simmons,SimmIs00,lb
Terrance Smith,SmitTe04,
Chris Streveler,StreCh00,QB
J.R. Sweezy,SweeJ.00,RG
Jordan Thomas,ThomJo05,TE
Deionte Thompson,ThomDe06,fs
Jalen Thompson,ThomJa04,FS
Zeke Turner,TurnZe00,S
Tanner Vallejo,VallTa00,
Reggie Walker,WalkRe01,
Jonathan Ward,WardJo00,RB
Charles Washington,WashCh01,
Jace Whittaker,WhitJa05,
Maxx Williams,WillMa04,TE
Delrick Abrams,AbraDe00,
Ricardo Allen,AlleRi00,SS
Allen Bailey,BailAl00,
Christian Blake,BlakCh00,WR
Tony Brooks-James,BrooTo01,RB
James Carpenter,CarpJa00,LG
Jamal Carter,CartJa02,
John Cominsky,ComiJo00,
Marlon Davidson,DaviMa01,
Tyeler Davison,DaviTy01,RDT
Darqueze Dennard,DennDa00,cb
Austin Edwards,EdwaAu00,
Dante Fowler,FowlDa00,RDE
Elliott Fry,FryxEl01,K
Russell Gage,GageRu00,WR
Matt Gono,GonoMa00,
Jaeden Graham,GrahJa01,TE
T.J. Green,GreeT.00,
Todd Gurley,GurlTo01,RB
Tyler Hall,HallTy01,
Charles Harris,HarrCh03,
Josh Harris,HarrJo02,
Jaylinn Hawkins,HawkJa00,
Matt Hennessy,HennMa00,
Brian Hill,HillBr02,RB
Sterling Hofrichter,HofrSt00,
Hayden Hurst,HursHa00,TE
Grady Jarrett,JarrGr00,LDT
Deion Jones,JoneDe01,LLB
Julio Jones,JoneJu02,WR
Damontae Kazee,KazeDa00,
Younghoe Koo,KooxYo00,K
Chris Lindstrom,LindCh00,RG
Alex Mack,MackAl20,C
Jake Matthews,MattJa00,LT
Justin McCray,McCrJu00,
Kaleb McGary,McGaKa00,RT
Takkarist McKinley,McKiTa00,
Steven Means,MeanSt00,LDE
Jordan Miller,MillJo05,
Keanu Neal,NealKe01,FS
Sharrod Neasman,NeasSh00,S
Isaiah Oliver,OlivIs00,RCB
Qadree Ollison,OlliQa00,RB
Foyesade Oluokun,OluoFo00,MLB
Brandon Powell,PoweBr00,WR
LaRoy Reynolds,ReynLa00,
Calvin Ridley,RidlCa00,WR
Edmond Robinson,RobiEd00,
Chris Rowland,RowlCh00,WR
Matt Ryan,RyanMa00,QB
Matt Schaub,SchaMa00,QBThrows:Right
Deadrin Senat,SenaDe00,
Kendall Sheffield,ShefKe00,LCB
Ito Smith,SmitIt00,RB
Keith Smith,SmitKe03,FB
Luke Stocker,StocLu00,TE
Pita Taumoepenu,TaumPi00,
AJ Terrell,TerrAJ00,LCB
Laquon Treadwell,TreaLa00,WR
Jacob Tuioti-Mariner,TuioJa00,
Mykal Walker,WalkMy00,RLB
John Wetzel,WetzJo00,
Blidi Wreh-Wilson,WrehBl00,
Olamide Zaccheaus,ZaccOl01,WR
Aaron Adeoye,AdeoAa00,
Otaro Alaka,AlakOt01,
Mark Andrews,AndrMa00,TE
Anthony Averett,AverAn00,
Chris Board,BoarCh00,
Terrell Bonds,BondTe00,
Tyus Bowser,BowsTy00,
Miles Boykin,BoykMi00,WR
Nick Boyle,BoylNi00,TE
Bradley Bozeman,BozeBr00,LG
Ben Bredeson,BredBe00,
Nate Brooks,BrooNa00,
Marquise Brown,BrowMa04,WR
Orlando Brown Jr.,BrowOr00,LT
Dez Bryant,BryaDe01,WR
Calais Campbell,CampCa99,LDE
Chuck Clark,ClarCh00,SS
Trystan Colon-Castillo,ColoTr01,
Morgan Cox,CoxxMo00,
Aaron Crawford,CrawAa00,
Sean Culkin,CulkSe00,
Pierre Desir,DesiPi00,
J.K. Dobbins,DobbJK00,RB
Khalil Dorsey,DorsKh00,
Devin Duvernay,DuveDe00,WR
Gus Edwards,EdwaGu00,rb
DeShon Elliott,ElliDe02,FS
Justin Ellis,ElliJu01,
Jaylon Ferguson,FergJa02,
D.J. Fluker,FlukDJ00,RT
L.J. Fort,FortL.00,RILB
Marcus Gilchrist,GilcMa00,
Robert Griffin III,GrifRo01,QBThrows:Right
Davontae Harris,HarrDa05,
Malik Harrison,HarrMa06,rilb
Justice Hill,HillJu00,RB
Will Holden,HoldWi00,
Marlon Humphrey,HumpMa00,LCB
Tyler Huntley,HuntTy01,QB
Mark Ingram,IngrMa01,RB
Lamar Jackson,JackLa00,QB
Matt Judon,JudoMa00,ROLB
Sam Koch,KochSa20,P
Anthony Levine,LeviAn00,S
Justin Madubuike,MaduJu00,
Pernell McPhee,McPhPe00,LOLB
Trace McSorley,McSoTr00,QB
Patrick Mekari,MekaPa00,C
Chris Moore,MoorCh00,
Nick Moore,MoorNi00,
Yannick Ngakoue,NgakYa00,
Marcus Peters,PeteMa00,RCB
Tyre Phillips,PhilTy00,RG
Ben Powers,PoweBe00,RG
James Proche,ProcJa00,WR
Patrick Queen,QueePa00,LILB
Patrick Ricard,RicaPa00,FB
Jordan Richards,RichJo00,
Chauncey Rivers,RiveCh01,
Matt Skura,SkurMa01,C
Jimmy Smith,SmitJi03,db
Willie Snead,SneaWi00,WR
Ronnie Stanley,StanRo00,lt
Geno Stone,StonGe00,
Eric Tomlinson,TomlEr01,TE
Johnny Townsend,TownJo01,
Justin Tucker,TuckJu00,K
Jihad Ward,WardJi02,
Broderick Washington Jr.,WashBr01,
Kristian Welch,WelcKr00,
Brandon Williams,WillBr02,NT
Tramon Williams,WillTr99,
Luke Willson,WillLu00,TE
Derek Wolfe,WolfDe00,RDE
Tavon Young,YounTa01,
Mario Addison,AddiMa00,RDE
Josh Allen,AlleJo02,QB
Matt Barkley,BarkMa00,QB
Tyler Bass,BassTy00,K
Ryan Bates,BateRy02,
Cole Beasley,BeasCo00,WR
Nate Becker,BeckNa00,
Ike Boettger,BoetIk00,LG
Corey Bojorquez,BojoCo00,
John Brown,BrowJo02,WR
Brandin Bryant,BryaBr00,
Vernon Butler,ButlVe00,LDT
Bryan Cox Jr.,CoxxBr01,
Gabriel Davis,DaviGa01,WR
Dion Dawkins,DawkDi00,LT
Jordan Devey,DeveJo00,
Stefon Diggs,DiggSt00,WR
Tyrel Dodson,DodsTy01,
Tremaine Edmunds,EdmuTr01,MLB
A.J. Epenesa,EpenAJ00,
Jon Feliciano,FeliJo00,RG
Reid Ferguson,FergRe00,
Cody Ford,FordCo00,lg
Reggie Gilliam,GillRe00,TE
Jerry Hughes,HughJe99,LDE
Micah Hyde,HydeMi00,FS
Dane Jackson,JackDa02,
Quinton Jefferson,JeffQu00,
Darryl Johnson,JohnDa10,
Jaquan Johnson,JohnJa11,CB
Taron Johnson,JohnTa01,DB
Taiwan Jones,JoneTa00,RB
A.J. Klein,KleiAJ00,LLB
Dawson Knox,KnoxDa00,TE
Tyler Kroft,KrofTy00,TE
Jake Kumerow,KumeJa00,WR
Deon Lacey,LaceDe00,
Darron Lee,LeexDa00,
Cameron Lewis,LewiCa00,
Mike Love,LoveMi00,
Dean Marlowe,MarlDe00,
Tyler Matakevich,MataTy00,
Isaiah McKenzie,McKeIs00,wr
Matt Milano,MilaMa00,llb
Mitch Morse,MorsMi00,C
Zack Moss,MossZa00,RB
Trent Murphy,MurpTr00,LDE
Siran Neal,NealSi00,CB
Josh Norman,NormJo01,
Ty Nsekhe,NsekTy00,
Ed Oliver,OlivEd00,RDT
Del'Shawn Phillips,PhilDe00,
Harrison Phillips,PhilHa00,
Jordan Poyer,PoyeJo00,SS
Andre Roberts,RobeAn00,WR
Devin Singletary,SingDe00,RB
Andre Smith,SmitAn04,
Lee Smith,SmitLe00,TE
Quinton Spain,SpaiQu00,
Josh Thomas,ThomJo06,
Levi Wallace,WallLe00,RCB
Tre'Davious White,WhitTr01,LCB
Antonio Williams,WillAn03,RB
Daryl Williams,WillDa06,RT
Duke Williams,WillDu01,
Brian Winters,WintBr00,RG
Daryl Worley,WorlDa00,
T.J. Yeldon,YeldT.00,RB
Justin Zimmer,ZimmJu00,
Robby Anderson,AndeRo04,WR
Eli Apple,ApplEl00,
Alex Armah,ArmaAl00,FB
Reggie Bonnafon,BonnRe00,RB
Tre Boston,BostTr00,FS
Teddy Bridgewater,BridTe00,QB
Derrick Brown,BrowDe05,RDT
Brian Burns,BurnBr00,LDE
Juston Burris,BurrJu00,SS
Trenton Cannon,CannTr00,RB
Jermaine Carter Jr.,CartJe00,mlb
Joseph Charlton,CharJo01,P
Jeremy Chinn,ChinJe00,RLB
Pharoh Cooper,CoopPh00,WR
Dennis Daley,DaleDe00,
Mike Davis,DaviMi01,RB
Rasul Douglas,DougRa00,RCB
Corn Elder,EldeCo00,
Sam Franklin,FranSa00,
Yetur Gross-Matos,GrosYe00,rde
Woodrow Hamilton,HamiWo00,
Myles Hartsfield,HartMy00,DB
Marquis Haynes,HaynMa01,
Donte Jackson,JackDo02,LCB
Natrell Jamerson,JameNa00,
J.J. Jansen,JansJ.00,
Clay Johnston,JohnCl00,
Matt Kaskey,KaskMa00,
Zach Kerr,KerrZa00,
Keith Kirkwood,KirkKe00,WR
Austin Larkin,LarkAu00,
Tyler Larsen,LarsTy00,
Greg Little,LittGr01,
Chris Manhertz,ManhCh00,TE
Christian McCaffrey,McCaCh01,RB
Marken Michel,MichMa00,
John Miller,MillJo04,RG
D.J. Moore,MoorD.00,WR
Taylor Moton,MotoTa00,RT
Efe Obada,ObadEf00,
Russell Okung,OkunRu20,LT
Chris Orr,OrrxCh00,
Matt Paradis,ParaMa00,C
Troy Pride Jr.,PridTr00,RCB
Chris Reed,ReedCh00,LG
Seth Roberts,RobeSe00,WR
Kenny Robinson Jr.,RobiKe02,
Bravvion Roy,RoyxBr00,LDT
Curtis Samuel,SamuCu00,WR
Michael Schofield,SchoMi00,
Trenton Scott,ScotTr01,
Kawann Short,ShorKa00,
Joey Slye,SlyeJo00,K
Rodney Smith,SmitRo08,RB
Julian Stanford,StanJu00,
Tommy Stevens,StevTo01,QBThrows:Right
Adarius Taylor,GlanAd00,
Sam Tecklenburg,TeckSa00,
Ian Thomas,ThomIa00,TE
Stantley Thomas-Oliver,ThomSt00,
Colin Thompson,ThomCo03,TE
Shaq Thompson,ThomSh01,LLB
Phillip Walker,WalkPh00,QB
Stephen Weatherly,WeatSt00,RDE
Tahir Whitehead,WhitTa00,MLB
Brandon Zylstra,ZylsBr00,WR
Alex Bars,BarsAl01,RG
Devante Bond,BondDe00,
Tyler Bray,BrayTy00,QB
Deon Bush,BushDe00,
DeAndre Carter,CartDe02,WR
Tarik Cohen,CoheTa00,RB
Rashaad Coward,CowaRa00,lg
Xavier Crawford,CrawXa00,
James Daniels,DaniJa01,LG
Mario Edwards,EdwaMa01,
Dieter Eiselen,EiseDi00,
Nick Foles,FoleNi00,qb
Kyle Fuller,FullKy00,LCB
Ted Ginn Jr.,GinnTe00,WR
Tashaun Gipson,GipsTa00,SS
Trevis Gipson,GipsTr00,
Jimmy Graham,GrahJi00,TE
Arlington Hambright,HambAr00,
Demetrius Harris,HarrDe03,te
Dwayne Harris,HarrDw00,WR
Akiem Hicks,HickAk00,DE
J.P. Holtz,HoltJ.01,TE
DeAndre Houston-Carson,HousDe00,
Germain Ifedi,IfedGe00,RG
Joel Iyiegbuniwe,IyieJo00,
Eddie Jackson,JackEd01,FS
John Jenkins,JenkJo00,
Jaylon Johnson,JohnJa13,RCB
Cole Kmet,KmetCo00,TE
Eric Kush,KushEr00,
Charles Leno Jr.,LenoCh00,LT
Khalil Mack,MackKh00,LOLB
Bobby Massie,MassBo00,RT
Daniel McCullers,McCuDa00,
Sherrick McManis,McMaSh99,
Anthony Miller,MillAn02,WR
Lamar Miller,MillLa01,RB
Barkevious Mingo,MingBa00,OLB
David Montgomery,MontDa01,RB
Darnell Mooney,MoonDa00,WR
Sam Mustipher,MustSa01,c
Ryan Nall,NallRy00,RB
Bilal Nichols,NichBi00,NT
Pat O'Donnell,ODonPa00,
Cordarrelle Patterson,PattCo00,WR
Artavis Pierce,PierAr00,RB
Robert Quinn,QuinRo00,ROLB
Riley Ridley,RidlRi00,WR
Roy Robertson-Harris,RobeRo00,lde
Allen Robinson,RobiAl02,WR
Cairo Santos,SantCa01,K
Patrick Scales,ScalPa00,
Duke Shelley,ShelDu00,
Buster Skrine,SkriBu00,
Roquan Smith,SmitRo07,LILB
Jason Spriggs,SpriJa00,
Danny Trevathan,TrevDa00,RILB
Mitchell Trubisky,TrubMi00,QB
Brent Urban,UrbaBr00,DT
James Vaughters,VaugJa01,
Kindle Vildor,VildKi00,
Cody Whitehair,WhitCo03,C
Javon Wims,WimsJa00,WR
Josh Woods,WoodJo02,
Hakeem Adeniji,AdenHa00,lt
Freedom Akinmoladun,AkinFr01,
Mackensie Alexander,AlexMa01,CB
Brandon Allen,AlleBr00,qb
Geno Atkins,AtkiGe99,
Markus Bailey,BailMa01,
Jessie Bates III,BateJe00,FS
Vonn Bell,BellVo00,SS
Giovani Bernard,BernGi00,RB
Amani Bledsoe,BledAm01,
Tyler Boyd,BoydTy00,WR
Andrew Brown,BrowAn05,
Tony Brown,BrowTo01,
Randy Bullock,BullRa00,K
Joe Burrow,BurrJo01,QB
Josh Bynes,ByneJo00,LLB
Shaq Calhoun,CalhSh01,
Cethan Carter,CartCe00,TE
Christian Covington,CoviCh00,RDT
Mike Daniels,DaniMi00,LDT
Jalen Davis,DaviJa06,
Akeem Davis-Gaither,DaviAk01,
Carlos Dunlap,DunlCa99,
Alex Erickson,EricAl01,WR
Jordan Evans,EvanJo01,
Ryan Finley,FinlRy00,QB
B.J. Finney,FinnB.01,
A.J. Green,GreeA.00,WR
Clark Harris,HarrCl20,
Bobby Hart,HartBo00,RT
Trayvon Henderson,HendTr01,
Tee Higgins,HiggTe00,WR
Trey Hopkins,HopkTr01,C
Sam Hubbard,HubbSa00,LDE
Kevin Huber,HubeKe20,
Margus Hunt,HuntMa00,
Trenton Irwin,IrwiTr00,WR
William Jackson III,JackWi02,RCB
Fred Johnson,JohnFr01,lt
Keandre Jones,JoneKe03,
Michael Jordan,JordMi01,LG
Khalid Kareem,KareKh00,DL
Carl Lawson,LawsCa00,RDE
Kahlil McKenzie,McKeKa00,
Joe Mixon,MixoJo00,rb
Stanley Morgan Jr.,MorgSt02,
Samaje Perine,PeriSa00,RB
Darius Phillips,PhilDa02,LCB
Germaine Pratt,PratGe00,MLB
Billy Price,PricBi01,
D.J. Reader,ReadD.00,ldt
Alex Redmond,RedmAl01,RG
John Ross,RossJo00,WR
Drew Sample,SampDr00,TE
Mason Schreck,SchrMa00,TE
Austin Seibert,SeibAu00,K
LeShaun Sims,SimsLe00,LCB
Quinton Spain,SpaiQu00,RG
Xavier Su'a-Filo,Sua-Xa00,lg
Keaton Sutherland,SuthKe00,
Auden Tate,TateAu00,WR
Mike Thomas,ThomMi04,WR
C.J. Uzomah,UzomC.00,TE
Jonah Williams,WillJo10,LT
Shawn Williams,WillSh02,SS
Trayveon Williams,WillTr06,RB
Xavier Williams,WillXa00,
Brandon Wilson,WilsBr01,CB
Logan Wilson,WilsLo00,
Odell Beckham Jr.,BeckOd00,WR
Elijah Benton,BentEl00,
Joel Bitonio,BitoJo00,LG
Ja'Marcus Bradley,BradJa01,WR
Evan Brown,BrowEv00,
Harrison Bryant,BryaHa00,TE
Stephen Carlson,CarlSt00,TE
Nick Chubb,ChubNi00,RB
Adrian Clayborn,ClayAd00,
Jack Conklin,ConkJa00,RT
Tae Davis,DaviTa00,
Michael Dunn,DunnMi01,
Jordan Elliott,ElliJo02,
Myles Garrett,GarrMy00,LDE
Jamie Gillan,GillJa00,P
B.J. Goodson,GoodB.00,MLB
A.J. Green,GreeAJ00,
Porter Gustin,GustPo01,
Marvin Hall,HallMa02,WR
Nick Harris,HarrNi01,
Ronnie Harrison,HarrRo02,ss
Rashard Higgins,HiggRa00,wr
Dontrell Hilliard,HillDo00,RB
KhaDarel Hodge,HodgKh00,WR
Austin Hooper,HoopAu00,TE
Chris Hubbard,HubbCh00,rg
Charley Hughlett,HughCh01,
Kareem Hunt,HuntKa00,rb
Joe Jackson,JackJo02,
Robert Jackson,JackRo00,
Andy Janovich,JanoAn00,FB
D'Ernest Johnson,JohnDE04,RB
Kevin Johnson,JohnKe04,rcb
Karl Joseph,JoseKa00,SS
Case Keenum,KeenCa00,QBThrows:Right
Kendall Lamm,LammKe00,T
Jarvis Landry,LandJa00,WR
Elijah Lee,LeexEl00,
Cameron Malveaux,MalvCa00,
Baker Mayfield,MayfBa00,QB
Montrel Meander,MeanMo00,
Terrance Mitchell,MitcTe00,RCB
Jovante Moffatt,MoffJo01,
Jojo Natson,NatsJo00,WR
David Njoku,NjokDa00,te
Larry Ogunjobi,OgunLa00,RDT
Cody Parkey,ParkCo03,K
Javon Patterson,PattJa00,
Donovan Peoples-Jones,PeopDo00,WR
Jacob Phillips,PhilJa01,
Sheldrick Redwine,RedwSh00,
Sheldon Richardson,RichSh00,LDT
Austin Seibert,SeibAu00,
Andrew Sendejo,SendAn00,FS
Malcolm Smith,SmitMa02,
Johnny Stanton,StanJo02,
M.J. Stewart,StewM.00,
Sione Takitaki,TakiSi00,RLB
Alex Taylor,TaylAl02,
Taywan Taylor,TaylTa00,WR
Vincent Taylor,TaylVi00,
Wyatt Teller,TellWy00,RG
Tavierre Thomas,ThomTa01,
J.C. Tretter,TretJC00,C
Olivier Vernon,VernOl00,RDE
Denzel Ward,WardDe02,LCB
Derrick Willies,WillDe06,
Jedrick Wills Jr.,WillJe04,LT
Mack Wilson,WilsMa03,LLB
Bradlee Anae,AnaeBr00,
Eli Ankou,AnkoEl00,
Dorance Armstrong Jr.,ArmsDo00,
Chidobe Awuzie,AwuzCh00,db
Blake Bell,BellBl00,TE
Francis Bernard,BernFr01,
Tyler Biadasz,BiadTy00,
Anthony Brown,BrowAn02,LCB
Noah Brown,BrowNo00,WR
Deante Burton,BurtDe00,
Brandon Carr,CarrBr99,
Ron'Dell Carter,CartRo02,
Amari Cooper,CoopAm00,WR
Tyrone Crawford,CrawTy00,
Andy Dalton,DaltAn00,QB
Trevon Diggs,DiggTr00,RCB
Ben DiNucci,DiNuBe00,QB
Rico Dowdle,DowdRi01,RB
Ezekiel Elliott,ElliEz00,RB
Cameron Erving,ErviCa00,lt
Neville Gallimore,GallNe00,NT
Michael Gallup,GallMi00,WR
Luke Gifford,GiffLu00,
Garrett Gilbert,GilbGa01,QB
C.J. Goodwin,GoodC.00,WR
Randy Gregory,GregRa00,
Everson Griffen,GrifEv99,
Justin Hamilton,HamiJu00,
Marcus Henry,HenrMa02,
Trysten Hill,HillTr00,dt
Blake Jarwin,JarwBl00,TE
Chris Jones,JoneCh02,P
Brandon Knight,KnigBr01,LT
L.P. Ladouceur,LadoL.20,
CeeDee Lamb,LambCe00,WR
DeMarcus Lawrence,LawrDe00,DE
Sean Lee,LeexSe99,
Jourdan Lewis,LewiJo01,DB
Joe Looney,LoonJo01,C
Justin March,MarcJu00,
Zack Martin,MartZa00,RG
Connor McGovern,McGoCo01,RG
Sean McKeon,McKeSe01,
Hunter Niswander,NiswJa00,
Sewo Olonilua,OlonSe01,
Walter Palmore,PalmWa01,
Steven Parker,ParkSt00,
Dontari Poe,PoexDo00,nt
Tony Pollard,PollTo00,RB
Dak Prescott,PresDa01,qb
Adam Redmond,RedmAd00,
Rashard Robinson,RobiRa00,
Reggie Robinson II,RobiRe00,
Dalton Schultz,SchuDa00,TE
Greg Senat,SenaGr00,
Aldon Smith,SmitAl04,RDE
Eric Smith,SmitEr00,
Jaylon Smith,SmitJa05,RLB
Saivion Smith,SmitSa02,
Tyron Smith,SmitTy00,
Terence Steele,SteeTe01,RT
Joe Thomas,ThomJo04,
Darian Thompson,ThomDa05,ss
Malik Turner,TurnMa00,WR
Leighton Vander Esch,VandLe00,MLB
Chris Westry,WestCh03,
Connor Williams,WillCo00,LG
Cedrick Wilson Jr.,WilsCe01,WR
Donovan Wilson,WilsDo01,SS
Antwaun Woods,WoodAn02,DT
Xavier Woods,WoodXa00,FS
Daryl Worley,WorlDa00,
Greg Zuerlein,ZuerGr00,K
McTelvin Agim,AgimMc00,
Calvin Anderson,AndeCa00,
Jeremiah Attaochu,AttaJe00,olb
Quinn Bailey,BailQu00,
Essang Bassey,BassEs01,
De'Vante Bausby,BausDe00,
Andrew Beck,BeckAn01,
LeVante Bellamy,BellLe02,RB
Jacob Bobenmoyer,BobeJa00,
Garett Bolles,BollGa00,LT
A.J. Bouye,BouyA.00,LCB
Nigel Bradham,BradNi00,
Fred Brown,BrowFr01,
Jake Butt,ButtJa00,TE
Austin Calitro,CaliAu00,
Bryce Callahan,CallBr00,RCB
Jurrell Casey,CaseJu00,
Anthony Chickillo,ChicAn00,
Bradley Chubb,ChubBr00,ROLB
Tyrie Cleveland,ClevTy00,WR
Jeremy Cox,CoxxJe00,
Lloyd Cushenberry III,CushLl00,C
Duke Dawson,DawsDu00,
Demar Dotson,DotsDe00,RT
Jeff Driskel,DrisJe00,QBThrows:Right
Noah Fant,FantNo00,TE
Royce Freeman,FreeRo00,RB
Troy Fumagalli,FumaTr00,TE
Graham Glasgow,GlasGr00,RG
Melvin Gordon,GordMe00,RB
Nate Hairston,HairNa00,
DaeSean Hamilton,HamiDa01,WR
KJ Hamler,HamlKJ00,WR
Davontae Harris,HarrDa05,
Shelby Harris,HarrSh00,LDE
Kendall Hinton,HintKe00,WR
Alijah Holder,HoldAl01,
Kareem Jackson,JackKa99,SS
Timmy Jernigan,JernTi00,
Jerry Jeudy,JeudJe00,WR
Josey Jewell,JeweJo00,RILB
Alexander Johnson,JohnAl01,LILB
Dre'Mont Jones,JoneDr00,RDE
Joseph Jones,JoneJo05,
Phillip Lindsay,LindPh00,RB
Drew Lock,LockDr00,QB
P.J. Locke,LockPJ00,
Trey Marshall,MarsTr00,
Sam Martin,MartSa01,P
Brandon McManus,McMaBr01,K
Patrick Morris,MorrPa00,
Parnell Motley,MotlPa00,
Netane Muti,MutiNe00,
Michael Ojemudia,OjemMi00,LCB
Albert Okwuegbunam,OkwuAl00,TE
Will Parks,ParkWi01,
Tim Patrick,PatrTi00,WR
Mike Purcell,PurcMi00,nt
Malik Reed,ReedMa01,LOLB
Dalton Risner,RisnDa00,LG
Jake Rodgers,RodgJa03,
Taylor Russolino,RussTa00,K
Brett Rypien,RypiBr00,QB
Austin Schlottmann,SchlAu00,
Justin Simmons,SimmJu00,FS
Diontae Spencer,SpenDi00,WR
Courtland Sutton,SuttCo00,WRThrows:Right
Kevin Toliver,ToliKe00,
Derrek Tuszka,TuszDe00,
Nick Vannett,VannNi00,TE
DeMarcus Walker,WalkDe03,
Josh Watson,WatsJo00,
Elijah Wilkinson,WilkEl00,rt
DeShawn Williams,WillDe04,NT
Sylvester Williams,WillSy00,
Oday Aboushi,AbouOd00,RG
Jamal Agnew,AgneJa00,WR/CB
Danny Amendola,AmenDa00,wr
David Blough,BlouDa00,QB
Tramaine Brock,BrocTr00,
Evan Brown,BrowEv00,
Austin Bryant,BryaAu00,
Hunter Bryant,BryaHu02,TE
Jason Cabinda,CabiJa00,ILB
Quintez Cephus,CephQu00,WR
Justin Coleman,ColeJu01,db
Jamie Collins,CollJa00,RLB
Tyrell Crosby,CrosTy00,RT
Joe Dahl,DahlJo00,
Chase Daniel,DaniCh00,QBThrows:Right
Jarrad Davis,DaviJa01,
Taylor Decker,DeckTa00,LT
Trey Flowers,FlowTr00,LDE
Mike Ford,FordMi01,
Jack Fox,FoxxJa01,
Kenny Golladay,GollKe00,WR
Everson Griffen,GrifEv99,
Marvin Hall,HallMa02,wr
Da'Shawn Hand,HandDa00,
Duron Harmon,HarmDu00,FS
Will Harris,HarrWi02,ss
Frank Herron,HerrFr00,
T.J. Hockenson,HockTJ00,TE
Albert Huggins,HuggAl01,
Jonah Jackson,JackJo03,LG
Jesse James,JameJe00,TE
Kerryon Johnson,JohnKe06,RB
Ty Johnson,JohnTy02,RB
Chris Jones,JoneCh06,
Christian Jones,JoneCh05,LLB
Marvin Jones,JoneMa02,WR
Jayron Kearse,KearJa00,SS
Miles Killebrew,KillMi00,
Elijah Lee,LeexEl00,
Kareem Martin,MartKa00,
Marcus Martin,MartMa01,
Tony McRae,McRaTo00,
C.J. Moore,MoorCJ01,DB
Don Muhlbach,MuhlDo20,
Alexander Myres,MyreAl00,
Isaac Nauta,NautIs00,TE
Matt Nelson,NelsMa00,
Jeff Okudah,OkudJe00,rcb
Julian Okwara,OkwaJu00,
Romeo Okwara,OkwaRo01,RDE
Amani Oruwariye,OruwAm00,RCB
John Penisini,PeniJo00,RDT
Adrian Peterson,PeteAd01,RB
Matt Prater,PratMa20,K
Bobby Price,PricBo00,
Reggie Ragland,RaglRe00,mlb
Frank Ragnow,RagnFr00,C
Jalen Reeves-Maybin,ReevJa00,
Darryl Roberts,RobeDa00,db
Mohamed Sanu,SanuMo00,WRThrows:Right
Danny Shelton,ShelDa01,LDT
Dan Skipper,SkipDa00,
Matthew Stafford,StafMa00,QB
Logan Stenberg,StenLo00,
Kevin Strong,StroKe00,
D'Andre Swift,SwifDA00,RB
Jahlani Tavai,TavaJa00,MLB
Desmond Trufant,TrufDe00,LCB
Halapoulivaati Vaitai,VaitHa00,RG
Dee Virgin,VirgDe00,
Tracy Walker,WalkTr01,ss
Kenny Wiggins,WiggKe00,
Jonathan Williams,WillJo07,RB
Nick Williams,WillNi01,DT
Davante Adams,AdamDa01,WR
Montravius Adams,AdamMo00,
Jaire Alexander,AlexJa00,LCB
Adrian Amos,AmosAd00,SS
Tavon Austin,AustTa00,WR
David Bakhtiari,BakhDa00,LT
Krys Barnes,BarnKr00,RILB
Reggie Begelton,BegeRe00,
Henry Black,BlacHe00,
Tim Boyle,BoylTi00,QB
Ben Braden,BradBe00,
Hunter Bradley,BradHu00,
James Burgess,BurgJa01,
Oren Burks,BurkOr00,
Kenny Clark,ClarKe01,NT
Mason Crosby,CrosMa20,K
Dominique Dafney,DafnDo00,TE
Josiah Deguara,DeguJo00,TE
AJ Dillon,DillAJ00,RB
Tyler Ervin,ErviTy00,RB
Tipa Galeai,GaleTi01,
Jonathan Garvin,GarvJo00,
Rashan Gary,GaryRa00,
Raven Greene,GreeRa02,
De'Jon Harris,HarrDe10,
Damon Harrison,HarrDa03,
Ka'dar Hollman,HollKa00,
Josh Jackson,JackJo01,rcb
Elgton Jenkins,JenkEl00,LG
Aaron Jones,JoneAa00,RB
Kingsley Keke,KekeKi00,RDE
Kevin King,KingKe01,RCB
Christian Kirksey,KirkCh00,LILB
Tyler Lancaster,LancTy00,
Allen Lazard,LazaAl00,WR
Marcedes Lewis,LewiMa00,TE
Corey Linsley,LinsCo00,C
John Lovett,LoveJo02,TE
Dean Lowry,LowrDe00,LDE
Kamal Martin,MartKa01,rilb
Parry Nickerson,NickPa00,
Yosuah Nijman,NijmYo01,
Lucas Patrick,PatrLu00,RG
Brian Price,PricBr00,
Randy Ramsey,RamsRa00,
Will Redmond,RedmWi00,
Aaron Rodgers,RodgAa00,QB
Jon Runyan,RunyJo00,
Anthony Rush,RushAn00,
KeiVarae Russell,RussKe00,
Stanford Samuels,SamuSt01,
Darnell Savage Jr.,SavaDa00,FS
JK Scott,ScotJK00,
Vernon Scott,ScotVe00,
Darrius Shepherd,ShepDa00,WR
Preston Smith,SmitPr00,LOLB
Za'Darius Smith,SmitZa00,ROLB
Equanimeous St. Brown,St.BEq00,WR
Jace Sternberger,SterJa00,TE
Chandon Sullivan,SullCh00,DB
Ty Summers,SummTy00,
Lane Taylor,TaylLa01,
Malik Taylor,TaylMa01,WR
Robert Tonyan,TonyRo00,TE
Billy Turner,TurnBi00,RT
Marquez Valdes-Scantling,ValdMa00,WR
Ricky Wagner,WagnRi00,RT
Dexter Williams,WillDe07,RB
Jamaal Williams,WillJa06,RB
Juwann Winfree,WinfJu00,
Billy Winn,WinnBi00,
Tyrell Adams,AdamTy00,RILB
Jordan Akins,AkinJo00,te
Auzoyah Alufohai,AlufAu00,
Bryan Anger,AngeBr00,
Cornell Armstrong,ArmsCo00,
Beau Benzschawel,BenzBe01,
Ross Blacklock,BlacRo00,
Andrew Brown,BrowAn05,
Pharaoh Brown,BrowPh01,TE
DeAndre Carter,CartDe02,
Anthony Chesley,ChesAn00,
Randall Cobb,CobbRa00,WR
Dylan Cole,ColeDy00,
Brandin Cooks,CookBr00,WR
Isaiah Coulter,CoulIs00,
Keke Coutee,CoutKe00,WR
Keion Crossen,CrosKe00,
Zach Cunningham,CunnZa00,LILB
Brandon Dunn,DunnBr00,NT
Kyle Emanuel,EmanKy00,
Ka'imi Fairbairn,FairKa01,K
Darren Fells,FellDa01,TE
Mark Fields II,FielMa01,
Will Fuller,FullWi01,WR
Zach Fulton,FultZa00,RG
Phillip Gaines,GainPh00,
Cullen Gillaspia,GillCu00,RB
Jonathan Greenard,GreeJo04,
Nate Hall,HallNa01,
P.J. Hall,HallP.00,RDE
Chad Hansen,HansCh00,WR
Vernon Hargreaves III,HargVe00,RCB
Charlie Heck,HeckCh00,OL
Dontrell Hilliard,HillDo00,
Tytus Howard,HowaTy00,RT
Buddy Howell,HoweGr00,RB
David Johnson,JohnDa08,RB
Duke Johnson,JohnDu00,rb
Lonnie Johnson Jr.,JohnLo01,db
Roderick Johnson,JohnRo06,
Peter Kalambayi,KalaPe00,
Senio Kelemete,KeleSe00,lg
Corey Liuget,LiugCo00,
Greg Mancz,MancGr00,
Jacob Martin,MartJa02,
Nick Martin,MartNi00,C
A.J. McCarron,McCaA.00,QB
Benardrick McKinney,McKiBe00,
Whitney Mercilus,MercWh00,LOLB
Steven Mitchell,MitcSt02,WR
A.J. Moore,MoorA.00,db
Eric Murray,MurrEr00,FS
Charles Omenihu,OmenCh00,de
Jonathan Owens,OwenJo01,S
Scottie Phillips,PhilSc01,RB
C.J. Prosise,ProsC.00,RB
Brent Qvale,QvalBr01,
John Reid,ReidJo00,
Justin Reid,ReidJu00,SS
Bradley Roby,RobyBr00,LCB
Brennan Scarlett,ScarBr00,ROLB
Max Scharping,SchaMa01,LG
Kenny Stills,StilKe00,WR
Michael Thomas,ThomMi02,
Laremy Tunsil,TunsLa00,LT
Kahale Warring,WarrKa00,TE
Carlos Watkins,WatkCa00,LOLB
Deshaun Watson,WatsDe00,QB
J.J. Watt,WattJ.00,LDE
Jon Weeks,WeekJo00,
Matthew Adams,AdamMa00,
Mo Alie-Cox,AlieMo00,te
Ryan Allen,AlleRy01,
Denico Autry,AutrDe00,RDE
Ben Banogu,BanoBe00,
Julian Blackmon,BlacJu01,FS
Rodrigo Blankenship,BlanRo03,K
Jacoby Brissett,BrisJa00,QBThrows:Right
DeForest Buckner,BuckDe00,LDT
Trey Burton,BurtTr01,TEThrows:Right
Ibraheim Campbell,CampIb00,
Parris Campbell,CampPa00,WR
T.J. Carrie,CarrTr00,
Anthony Castonzo,CastAn00,LT
Le'Raven Clark,ClarLe01,
Kameron Cline,ClinKa00,
Sheldon Day,DayxSh00,
Jack Doyle,DoylJa00,TE
Ashton Dulin,DuliAs00,WR
Jake Eldrenkamp,EldrJa00,
Daurice Fountain,FounDa00,WR
Zaire Franklin,FranZa00,
Jordan Glasgow,GlasJo00,
Mark Glowinski,GlowMa00,RG
Chaz Green,GreeCh02,
Farrod Green,GreeFa00,
De'Michael Harris,HarrDe11,WR
T.Y. Hilton,HiltT.00,WR
Nyheim Hines,HineNy00,RB
Will Holden,HoldWi00,
Malik Hooker,HookMa00,
Justin Houston,HousJu00,LDE
Joey Hunt,HuntJo00,
Marcus Johnson,JohnMa07,WR
Ryan Kelly,KellRy00,C
Darius Leonard,LeonDa00,LLB
Tyquan Lewis,LewiTy00,
Marlon Mack,MackMa00,RB
Cassius Marsh,MarsCa00,
Kenny Moore,MoorKe03,LCB
Al-Quadin Muhammad,MuhaAl00,
Quenton Nelson,NelsQu00,LG
George Odum,OdumGe00,
Bobby Okereke,OkerBo00,RLB
Zach Pascal,PascZa00,WR
Dezmon Patmon,PatmDe00,
Danny Pinter,PintDa00,
Michael Pittman Jr.,PittMi01,WR
Luke Rhodes,RhodLu00,
Xavier Rhodes,RhodXa00,RCB
Philip Rivers,RivePh00,QB
Isaiah Rodgers,RodgIs00,CB
Rigoberto Sanchez,SancRi00,
Braden Smith,SmitBr06,RT
Tremon Smith,SmitTr04,CB
E.J. Speed,SpeeEJ00,
Taylor Stallworth,StalTa00,
Grover Stewart,StewGr00,RDT
Jonathan Taylor,TaylJo02,RB
Noah Togiai,TogiNo00,TE
Kemoko Turay,TuraKe00,
Jared Veldheer,VeldJa20,
Anthony Walker,WalkAn01,MLB
J'Marcus Webb,WebbJM20,
Jordan Wilkins,WilkJo01,RB
Khari Willis,WillKh00,SS
Tavon Wilson,WilsTa00,
Robert Windsor,WindRo01,
Rock Ya-Sin,Ya-SRo00,LCB
Dakota Allen,AlleDa01,
Josh Allen,AlleJo03,LDE
Luq Barcoo,BarcLu00,
Ben Bartch,BartBe00,
Jonathan Brown,BrowJo03,K
Taven Bryan,BryaTa00,LDT
A.J. Cann,CannA.00,RG
K'Lavon Chaisson,ChaiKL00,
DJ Chark,CharDJ00,WR
Chris Claybrooks,ClayCh02,CB
Keelan Cole,ColeKe00,wr
Dustin Colquitt,ColqDu20,
Chris Conley,ConlCh00,WR
Logan Cooke,CookLo00,
Kamalei Correa,CorrKa00,RLB
Doug Costin,CostDo00,RDT
Nathan Cottrell,CottNa00,RB
Tyler Davis,DaviTy02,TE
Tyler Eifert,EifeTy00,TE
Daniel Ekuale,EkuaDa00,dt
Ben Ellefson,ElleBe00,TE
Joe Giles-Harris,GileJo01,
Mike Glennon,GlenMi00,qb
Terry Godwin,GodwTe00,WR
Adam Gotsis,GotsAd00,RDE
DaVon Hamilton,HamiDa02,ldt
Stephen Hauschka,HausSt00,K
D.J. Hayden,HaydDJ00,
C.J. Henderson,HendCJ00,LCB
Tre Herndon,HernTr00,LCB
Myles Jack,JackMy00,LLB
Leon Jacobs,JacoLe00,
Timmy Jernigan,JernTi00,
Collin Johnson,JohnCo01,WR
Abry Jones,JoneAb00,rdt
Josh Jones,JoneJo06,SS
Sidney Jones,JoneSi00,RCB
Josh Lambo,LambJo00,K
Brandon Linder,LindBr00,C
Jake Luton,LutoJa00,QB
Aaron Lynch,LyncAa00,
Greg Mabin,MabiGr00,
Cassius Marsh,MarsCa00,
Ross Matiscik,MatiRo00,
KC McDermott,McDeKC01,
Chase McLaughlin,McLaCh00,K
Quenton Meeks,MeekQu00,
Doug Middleton,MiddDo01,
Bruce Miller,MillBr02,FB
Gardner Minshew II,MinsGa00,QB
Andrew Norwell,NorwAn01,LG
Josh Nurse,NursJo00,
James O'Shaughnessy,O'ShJa00,TE
Dare Ogunbowale,OgunDa00,RB
Devine Ozigbo,OzigDe01,RB
Shaquille Quarterman,QuarSh00,
Trey Quinn,QuinTr00,WR
Caraun Reid,ReidCa00,
Craig Reynolds,ReynCr00,RB
Will Richardson,RichWi01,
Cam Robinson,RobiCa00,LT
James Robinson,RobiJa00,RB
Aldrick Rosas,RosaAl00,K
Daniel Ross,RossDa02,
Brandon Rusnak,WatsBr01,DB
Eric Saubert,SaubEr00,TE
Joe Schobert,SchoJo00,MLB
Josiah Scott,ScotJo00,
Tyler Shatley,ShatTy00,C
Jabaal Sheard,SheaJa00,
Laviska Shenault Jr.,ShenLa00,WR
Dawuane Smoot,SmooDa00,lde
Jawaan Taylor,TaylJa02,RT
Daniel Thomas,ThomDa07,
Chris Thompson,ThomCh03,RB
Tre'Vour Wallace-Simms,WallTr01,
Dede Westbrook,WestDe00,WR
Quincy Williams,WillQu01,
Jarrod Wilson,WilsJa00,FS
Andrew Wingard,WingAn01,
Brandon Wright,WrigBr00,K
Nick Allegretti,AlleNi00,LG
Deandre Baker,BakeDe00,
Le'Veon Bell,BellLe00,RB
Bashaud Breeland,BreeBa00,RCB
Harrison Butker,ButkHa00,K
Taco Charlton,CharTa00,
Frank Clark,ClarFr01,RDE
Omari Cobb,CobbOm00,
Michael Danna,DannMi00,
Gehrig Dieter,DietGe00,WR
Yasir Durant,DuraYa01,
Clyde Edwards-Helaire,EdwaCl00,RB
Rashad Fenton,FentRa00,CB
Eric Fisher,FishEr00,LT
Willie Gay Jr.,GayJWi00,RLB
Antonio Hamilton,HamiAn01,
Mecole Hardman,HardMe00,WR
Darius Harris,HarrDa07,
Demone Harris,HarrDe06,
Chad Henne,HennCh01,QBThrows:Right
Tyreek Hill,HillTy00,WR
Anthony Hitchens,HitcAn00,LLB
Braxton Hoyett,HoyeBr01,
Danny Isidora,IsidDa00,
Chris Jones,JoneCh09,LDT
Nick Keizer,KeizNi00,TE
Travis Kelce,KelcTr00,TE
Marcus Kemp,KempMa00,WR
Thakarius Keyes,KeyeTh00,
Daniel Kilgore,KilgDa00,
Tanoh Kpassagnon,KpasTa00,LDE
Chris Lammons,LammCh00,
Patrick Mahomes,MahoPa00,QB
Tyrann Mathieu,MathTy00,SS
Ben Niemann,NiemBe00,lb
Derrick Nnadi,NnadDe00,RDT
Dorian O'Daniel,ODanDo00,
Alex Okafor,OkafAl00,
Patrick Omameh,OmamPa00,
Kelechi Osemele,OsemKe00,lg
Mike Pennel,PennMi00,
Byron Pringle,PrinBy00,WR
Martinas Rankin,RankMa00,
Austin Reiter,ReitAu00,C
Mike Remmers,RemmMi00,RT
Demarcus Robinson,RobiDe01,WR
Khalen Saunders,SaunKh00,
Mitchell Schwartz,SchwMi00,rt
Ricky Seals-Jones,SealRi00,TE
Anthony Sherman,SherAn00,RB
Emmanuel Smith,SmitEm01,
L'Jarius Sneed,SneeLJ00,db
Daniel Sorensen,SoreDa01,SS
Darwin Thompson,ThomDa06,RB
Tedric Thompson,ThomTe00,
Juan Thornhill,ThorJu00,FS
Tommy Townsend,TownTo01,P
Charvarius Ward,WardCh01,LCB
Tim Ward,WardTi00,
DeAndre Washington,WashDe00,RB
Sammy Watkins,WatkSa00,WR
Armani Watts,WattAr00,FS
Tershawn Wharton,WharTe00,
Darrel Williams,WillDa10,RB
Damien Wilson,WilsDa02,MLB
James Winchester,WincJa00,
Stefen Wisniewski,WisnSt01,
Bryan Witzmann,WitzBr00,
Andrew Wylie,WyliAn00,RG
Deon Yelder,YeldDe00,TE
Johnathan Abram,AbraJo01,SS
Nelson Agholor,AghoNe00,WR
Damon Arnette,ArneDa00,cb
Vic Beasley,BeasVi00,
Devontae Booker,BookDe00,RB
Trent Brown,BrowTr02,rt
Daniel Carlson,CarlDa00,K
Derek Carr,CarrDe02,QB
Derek Carrier,CarrDe00,TE
AJ Cole III,ColeAJ01,P
Maliek Collins,CollMa00,RDT
Maxx Crosby,CrosMa00,RDE
Keelan Doss,DossKe00,
Bryan Edwards,EdwaBr01,WR
Kyle Emanuel,EmanKy00,
Clelin Ferrell,FerrCl00,LDE
Rico Gafford,GaffRi00,WR
Rashaan Gaulden,GaulRa00,
Denzelle Good,GoodDe01,LG
Johnathan Hankins,HankJo00,LDT
Erik Harris,HarrEr00,FS
Jeff Heath,HeatJe00,fs
Rodney Hudson,HudsRo00,C
Maurice Hurst Jr.,HursMa00,
Richie Incognito,IncoRi20,
Alec Ingold,IngoAl01,FB
David Irving,IrviDa00,
Gabe Jackson,JackGa00,RG
Josh Jacobs,JacoJo01,RB
Andre James,JameAn01,
Isaiah Johnson,JohnIs02,
Datone Jones,JoneDa03,
Zay Jones,JoneZa00,WR
Jaryd Jones-Smith,JoneJa09,
Lamarcus Joyner,JoynLa00,llb
Arden Key,KeyxAr00,
Nick Kwiatkoski,KwiaNi00,MLB
Nevin Lawson,LawsNe00,RCB
Dallin Leavitt,LeavDa00,
Cory Littleton,LittCo01,RLB
Dylan Mabin,MabiDy00,
Erik Magnuson,MagnEr00,
Marcus Mariota,MariMa01,QBThrows:Right
Raekwon McMillan,McMiRa02,
Kolton Miller,MillKo00,LT
Foster Moreau,MoreFo00,TE
Nicholas Morrow,MorrNi00,LLB
Trayvon Mullen,MullTr00,LCB
Carl Nassib,NassCa00,lde
Keisean Nixon,NixoKe00,CB
Patrick Omameh,OmamPa00,
James Onwualu,OnwuJa00,
Brandon Parker,ParkBr01,
Nathan Peterman,PeteNa00,QBThrows:Right
Hunter Renfrow,RenfHu00,wr
Jalen Richard,RichJa01,RB
Theo Riddick,RiddTh00,RB
Amik Robertson,RobeAm00,
Daniel Ross,RossDa02,
Henry Ruggs III,RuggHe00,WR
Trent Sieg,SiegTr00,
John Simpson,SimpJo00,
Chris Smith,SmitCh03,
Kendal Vickers,VickKe00,
Darren Waller,WallDa01,TE
Javin White,WhitJa04,
Kyle Wilber,WilbKy00,
Jason Witten,WittJa00,TE
Daryl Worley,WorlDa00,
Sam Young,YounSa21,RT
Jahleel Addae,AddaJa00,
Nasir Adderley,AddeNa00,FS
Keenan Allen,AlleKe00,WR
Stephen Anderson,AndeSt01,TE
Michael Badgley,BadgMi00,K
Kalen Ballage,BallKa00,RB
B.J. Bello,BellB.00,
Asmar Bilal,BilaAs00,
Joey Bosa,BosaJo00,LDE
Darius Bradwell,BradDa00,
John Brannon,BranJo00,
Cortez Broughton,BrouCo00,
Bryan Bulaga,BulaBr20,RT
Tevaughn Campbell,CampTe00,
Cole Christiansen,ChriCo00,
Michael Davis,DaviMi03,LCB
Emeke Egbule,EgbuEm00,
Austin Ekeler,EkelAu00,RB
Brandon Facyson,FacyBr00,
Dan Feeney,FeenDa00,C
Breiden Fehoko,FehoBr01,
Joe Gaziano,GaziJo01,
Alohi Gilman,GilmAl00,
Virgil Green,GreeVi00,TE
Ryan Groy,GroyRy00,
Jalen Guyton,GuytJa01,WR
Chris Harris Jr.,HarrCh01,DB
Casey Hayward,HaywCa00,RCB
Hunter Henry,HenrHu00,TE
Justin Herbert,HerbJu00,QB
K.J. Hill,HillKJ00,WR
Melvin Ingram,IngrMe00,RDE
Justin Jackson,JackJu01,RB
Malik Jefferson,JeffMa00,
Rayshawn Jenkins,JenkRa00,SS
Tyron Johnson,JohnTy03,WR
Justin Jones,JoneJu03,LDT
Linval Joseph,JoseLi99,RDT
Joshua Kelley,KellJo01,RB
Desmond King,KingDe01,FS
Forrest Lamp,LampFo00,LG
Jessie Lemonier,LemoJe00,
Ty Long,LongTy00,P
Cole Mazza,MazzCo01,
Quenton Meeks,MeekQu00,
Jason Moore,MoorJa02,
Kenneth Murray,MurrKe00,RLB
Gabe Nabers,NabeGa00,fb
Storm Norton,NortSt00,
Uchenna Nwosu,NwosUc00,
Donald Parham,ParhDo00,te
Denzel Perryman,PerrDe00,db
Trey Pipkins,PipkTr00,rt
Troymaine Pope,PopeTr00,RB
Scott Quessenberry,QuesSc00,
Joe Reed,ReedJo03,WR
Isaac Rochell,RochIs00,rde
Matt Sokol,SokoMa00,
Damion Square,SquaDa00,
Tyree St. Louis,StLoTy01,
Easton Stick,SticEa00,QB
Tyrod Taylor,TaylTy00,QBThrows:Right
Sam Tevi,TeviSa00,LT
Jerry Tillery,TillJe00,DE
Cole Toner,ToneCo00,
Drue Tranquill,TranDr00,
Trai Turner,TurnTr01,RG
Nick Vigil,VigiNi00,
Jaylen Watkins,WatkJa01,
Kyzir White,WhitKy00,LLB
Mike Williams,WillMi07,WR
Cam Akers,AkerCa00,RB
Tremayne Anchrum,AnchTr00,
Austin Blythe,BlytAu00,C
Michael Brockers,BrocMi00,DE
Malcolm Brown,BrowMa03,RB
Terrell Burgess,BurgTe00,
Raymond Calais,CalaRa00,RB
Marquise Copeland,CopeMa01,
Austin Corbett,CorbAu00,RG
Aaron Donald,DonaAa00,DT
Samson Ebukam,EbukSa00,LOLB
David Edwards,EdwaDa01,LG
Bobby Evans,EvanBo00,
Gerald Everett,EverGe00,te
Leonard Floyd,FloyLe00,ROLB
Kai Forbath,ForbKa00,K
Morgan Fox,FoxxMo00,
Jordan Fuller,FullJo01,SS
Greg Gaines,GainGr00,
Matt Gay,GayxMa00,K
Jake Gervase,GervJa00,
Jared Goff,GoffJa00,QB
Rob Havenstein,HaveRo00,RT
Johnny Hekker,HekkJo00,
Darrell Henderson,HendDa00,RB
Tyler Higbee,HigbTy00,TE
Troy Hill,HillTr01,LCB
Justin Hollins,HollJu00,
Brycen Hopkins,HopkBr01,
Juju Hughes,HughJu00,
Van Jefferson,JeffVa00,WR
John Johnson,JohnJo10,FS
Xavier Jones,JoneXa00,RB
Sebastian Joseph,JoseSe00,NT
Micah Kiser,KiseMi00,LILB
Cooper Kupp,KuppCo00,WR
Terrell Lewis,LewiTe00,
David Long,LongDa02,
Jake McQuaide,McQuJa00,
Derrick Moncrief,MoncDe00,
Johnny Mundt,MundJo00,TE
Joseph Noteboom,NoteJo00,LT
Ogbonnia Okoronkwo,OkorOg00,
Natrez Patrick,PatrNa00,
Jachai Polite,PoliJa00,
Jalen Ramsey,RamsJa00,RCB
Taylor Rapp,RappTa00,ss
J.R. Reed,ReedJR01,
Troy Reeder,ReedTr01,LILB
Josh Reynolds,ReynJo00,WR
Derek Rivers,RiveDe00,
A'Shawn Robinson,RobiAS00,
Nick Scott,ScotNi01,
Coleman Shelton,ShelCo00,
Sam Sloman,SlomSa00,K
Nsimba Webster,WebsNs00,WR
Andrew Whitworth,WhitAn20,LT
Darious Williams,WillDa09,CB
John Wolford,WolfJo00,QB
Robert Woods,WoodRo02,WR
Kenny Young,YounKe03,RILB
Salvon Ahmed,AhmeSa01,RB
Jerome Baker,BakeJe00,RILB
Lynn Bowden Jr.,BowdLy00,WR
Matt Breida,BreiMa00,RB
Antonio Callaway,CallAn00,WR
Chandler Cox,CoxxCh01,RB
Julie'n Davenport,DaveJu00,
Jesse Davis,DaviJe00,LT
Raekwon Davis,DaviRa03,NT
Michael Deiter,DeitMi00,
Samuel Eguavoen,EguaSa00,
Clayton Fejedelem,FejeCl00,FS
Blake Ferguson,FergBl00,
Ryan Fitzpatrick,FitzRy00,qb
Ereck Flowers,FlowEr00,LG
Isaiah Ford,FordIs00,WR
Kavon Frazier,FrazKa00,
Myles Gaskin,GaskMy00,RB
Mike Gesicki,GesiMi00,TE
Davon Godchaux,GodcDa00,nt
Jakeem Grant,GranJa00,WR
Kamu Grugier-Hill,GrugKa00,
Matt Haack,HaacMa00,
Tae Hayes,HayeTa00,
Nate Holley,HollNa00,
Mack Hollins,HollMa00,WR
Jordan Howard,HowaJo00,RB
Xavien Howard,HowaXa00,RCB
Robert Hunt,HuntRo01,RT
Noah Igbinoghene,IgbiNo00,CB
Austin Jackson,JackAu00,LT
Benito Jones,JoneBe03,
Brandon Jones,JoneBr06,
Byron Jones,JoneBy00,LCB
Ted Karras,KarrTe00,C
Marcus Kemp,KempMa00,
Solomon Kindley,KindSo00,RG
Patrick Laird,LairPa00,RB
Shaq Lawson,LawsSh00,lolb
Bobby McCain,McCaBo01,SS
Kirk Merritt,MerrKi00,
Calvin Munson,MunsCa00,
Chris Myarick,MyarCh00,
Nik Needham,NeedNi00,db
Emmanuel Ogbah,OgbaEm00,RDE
Adam Pankey,PankAd00,
DeVante Parker,ParkDe01,WR
Jamal Perry,WiltJo01,
Malcolm Perry,PerrMa00,WR
Tyshun Render,RendTy00,
Elandon Roberts,RobeEl00,LILB
Eric Rowe,RoweEr00,FS
Jason Sanders,SandJa00,K
Adam Shaheen,ShahAd00,te
Zach Sieler,SielZa00,LDE
Durham Smythe,SmytDu00,TE
Jason Strowbridge,StroJa02,
Tua Tagovailoa,TagoTu00,QB
Andrew Van Ginkel,VanGAn00,LOLB
Kyle Van Noy,VanNKy00,ROLB
DeAndre Washington,WashDe00,
Christian Wilkins,WilkCh00,LDE
Preston Williams,WillPr01,WR
Ameer Abdullah,AbduAm00,RB
Abdullah Anderson,AndeAb00,
Dan Bailey,BailDa00,K
Jake Bargas,BargJa00,
Anthony Barr,BarrAn00,
Chad Beebe,BeebCh00,WR
Mike Boone,BoonMi00,RB
Kris Boyd,BoydKr00,
Garrett Bradbury,BradGa00,C
Jordan Brailford,BraiJo00,
Dan Chisena,ChisDa00,
Ezra Cleveland,ClevEz00,RG
Britton Colquitt,ColqBr00,
Tyler Conklin,ConkTy00,TE
Ryan Connelly,ConnRy00,
Dalvin Cook,CookDa01,RB
Kirk Cousins,CousKi00,QB
Austin Cutting,CuttAu00,
Cameron Dantzler,DantCa00,LCB
Todd Davis,DaviTo01,lb
Andrew DePaola,DePaAn00,
Brandon Dillon,DillBr00,TE
Dakota Dozier,DoziDa00,LG
Troy Dye,DyexTr00,LLB
Pat Elflein,ElflPa00,
Mark Fields II,FielMa01,
Jeff Gladney,GladJe00,RCB
C.J. Ham,HamxC.00,FB
Harrison Hand,HandHa00,
Anthony Harris,HarrAn01,FS
Tae Hayes,HayeTa00,
Hale Hentges,HentHa00,
Holton Hill,HillHo00,
Rashod Hill,HillRa01,
Jalyn Holmes,HolmJa01,LDE
Mike Hughes,HughMi00,
George Iloka,IlokGe00,
Justin Jefferson,JeffJu00,WR
Jaleel Johnson,JohnJa09,RDT
Olabisi Johnson,JohnOl00,WR
Brett Jones,JoneBr04,
Chris Jones,JoneCh06,
Eric Kendricks,KendEr00,MLB
Blake Lynch,LyncBl00,
James Lynch,LyncJa00,
Dylan Mabin,MabiDy00,
Hercules Mata'afa,MataHe00,
Alexander Mattison,MattAl01,RB
Nate Meadors,MeadNa00,
Josh Metellus,MeteJo00,
Yannick Ngakoue,NgakYa00,LDE
Hardy Nickerson,NickHa02,
Brian O'Neill,ONeiBr00,RT
Ifeadi Odenigbo,OdenIf00,LDE
K.J. Osborn,OsboKJ00,WR
Riley Reiff,ReifRi00,LT
Curtis Riley,RileCu00,
Kyle Rudolph,RudoKy00,TE
Dru Samia,SamiDr00,
Tajae Sharpe,SharTa00,WR
Harrison Smith,SmitHa00,SS
Irv Smith Jr.,SmitIr01,te
Shamar Stephen,StepSh00,LDT
Cordrea Tankersley,TankCo00,
Adam Thielen,ThieAd00,WR
Oli Udoh,UdohOl01,
Armon Watts,WattAr01,
Eric Wilson,WilsEr00,RLB
D.J. Wonnum,WonnDJ00,
Eddie Yarbrough,YarbEd01,
David Andrews,AndrDa00,C
Devin Asiasi,AsiaDe00,TE
Jake Bailey,BailJa00,
Ja'Whaun Bentley,BentJa00,LLB
Rashod Berry,BerrRa01,
Justin Bethel,BethJu00,
Tashawn Bower,BoweTa00,
Terrence Brooks,BrooTe00,
Myles Bryant,BryaMy01,
Rex Burkhead,BurkRe00,RB
Adam Butler,ButlAd00,
Damiere Byrd,ByrdDa00,WR
Shilique Calhoun,CalhSh00,
Joe Cardona,CardJo00,
Brandon Copeland,CopeBr00,
Byron Cowart,CowaBy00,RDT
Korey Cunningham,CunnKo00,
Carl Davis,DaviCa01,
Cody Davis,DaviCo02,
Kyle Dugger,DuggKy00,db
Julian Edelman,EdelJu00,WR
Jermaine Eluemunor,ElueJe00,RT
James Ferentz,FereJa00,
Nick Folk,FolkNi20,K
Hjalte Froholdt,FrohHj00,
Stephon Gilmore,GilmSt00,RCB
Lawrence Guy,GuyxLa00,LDT
Terez Hall,HallTe01,MLB
Damien Harris,HarrDa06,RB
N'Keal Harry,HarrNK00,WR
Justin Herron,HerrJu00,lt
Brian Hoyer,HoyeBr00,QBThrows:Right
Ryan Izzo,IzzoRy00,TE
J.C. Jackson,JackJ.00,LCB
Michael Jackson,JackMi01,
Anfernee Jennings,JennAn00,
Jakob Johnson,JohnJa12,FB
Jonathan Jones,JoneJo03,DB
Dalton Keene,KeenDa00,TE
Isaiah Mack,MackIs00,
Cassh Maluia,MaluCa00,
Marcus Martin,MartMa01,
Shaq Mason,MasoSh01,RG
Devin McCourty,McCoDe99,FS
Jason McCourty,McCoJa99,LCB
Jakobi Meyers,MeyeJa01,WR
Sony Michel,MichSo00,rb
Donte Moncrief,MoncDo00,WR
Cam Newton,NewtCa00,QB
Gunner Olszewski,OlszGu00,WR
Michael Onwenu,OnweMi00,RT
Adrian Phillips,PhilAd00,SS
Derek Rivers,RiveDe00,
John Simon,SimoJo01,RDE
Matthew Slater,SlatMa00,
Akeem Spence,SpenAk00,
Jarrett Stidham,StidJa00,QB
J.J. Taylor,TaylJJ01,RB
Jordan Thomas,ThomJo05,
Joe Thuney,ThunJo00,LG
Nick Thurman,ThurNi00,
Josh Uche,UcheJo00,
James White,WhitJa02,RBThrows:Right
Kristian Wilkerson,WilkKr00,
Joejuan Williams,WillJo13,
Xavier Williams,WillXa00,
Chase Winovich,WinoCh00,LDE
Deatrich Wise Jr.,WiseDe00,LDE
Isaiah Wynn,WynnIs00,LT
Isaiah Zuber,ZubeIs00,WR
Kwon Alexander,AlexKw00,LLB
Alex Anzalone,AnzaAl00,MLB
Terron Armstead ,ArmsTe00,LT
Zack Baun,BaunZa00,
Drew Brees,BreeDr00,QB
Malcom Brown,BrowMa01,RDT
Michael Burton,BurtMi00,FB
Marquez Callaway,CallMa01,WR
Austin Carr,CarrAu00,WR
Will Clapp,ClapWi00,
Jared Cook,CookJa02,TE
Ken Crawley,CrawKe02,
Marcus Davenport,DaveMa00,
Demario Davis,DaviDe00,MLB
Andrew Dowell,DoweAn00,
Nick Easton,EastNi00,RG
Kaden Elliss,ElliKa00,
Bennie Fowler,FowlBe00,WR
Chauncey Gardner-Johnson,GardCh00,DB
Ryan Glasgow,GlasRy00,
Carl Granderson,GranCa01,
J.T. Gray,GrayJ.00,
Ethan Greenidge,GreeEt00,
Garrett Griffin,GrifGa00,
Grant Haley,HaleGr00,
Chase Hansen,HansCh02,
Justin Hardee,HardJu01,
Deonte Harris,HarrDe07,WR
Trey Hendrickson,HendTr00,RDE
Josh Hill,HillJo02,te
Taysom Hill,HillTa00,WR
Lil'Jordan Humphrey,HumpLi01,WR
Margus Hunt,HuntMa00,
James Hurst,HursJa00,t
Janoris Jenkins,JenkJa03,LCB
Malcolm Jenkins,JenkMa99,SS
Juwan Johnson,JohnJu02,WR
Tony Jones,JoneTo04,RB
Cameron Jordan,JordCa00,LDE
Alvin Kamara,KamaAl00,RB
Derrick Kelly,KellDe01,
Marshon Lattimore,LattMa01,RCB
Tommylee Lewis,LewiTo00,WR
Wil Lutz,LutzWi00,K
Erik McCoy,McCoEr01,C
Ty Montgomery,MontTy01,WR/RB
Thomas Morstead,MorsTh00,
Latavius Murray,MurrLa00,rb
David Onyemata,OnyeDa00,LDT
Andrus Peat,PeatAn00,LG
Ryan Ramczyk,RamcRy00,RT
Sheldon Rankins,RankSh00,
Malcolm Roach,RoacMa01,
Craig Robertson,RobeCr00,
Patrick Robinson,RobiPa99,
Cesar Ruiz,RuizCe00,RG
Emmanuel Sanders,SandEm00,WR
Tre'Quan Smith,SmitTr03,WR
D.J. Swearinger,SweaDJ00,
Michael Thomas,ThomMi05,wr
Cameron Tom,TomxCa00,
Adam Trautman,TrauAd00,te
Shy Tuttle,TuttSh00,
Dwayne Washington,WashDw00,RB
Marcus Williams,WillMa06,FS
P.J. Williams,WillP.00,
Jameis Winston,WinsJa00,QBThrows:Right
Zach Wood,WoodZa00,
Anthony Zettel,ZettAn00,
Alex Bachman,BachAl00,
Corey Ballentine,BallCo00,CB
Saquon Barkley,BarkSa00,RB
C.J. Board,BoarC.00,WR
James Bradberry,BradJa00,LCB
Cam Brown,BrowCa01,
T.J. Brunson,BrunTJ00,
Lorenzo Carter,CartLo01,LOLB
Sean Chandler,ChanSe00,
Adrian Colbert,ColbAd00,
Carter Coughlin,CougCa00,
Tae Crowder,CrowTa00,RILB
Riley Dixon,DixoRi00,P
Devante Downs,DownDe00,LB
Nate Ebner,EbneNa00,
Evan Engram,EngrEv00,TE
Kyler Fackrell,FackKy00,ROLB
Cameron Fleming,FlemCa00,RT
Devonta Freeman,FreeDe00,RB
Wayne Gallman,GallWa00,RB
Graham Gano,GanoGr44,K
Nick Gates,GateNi00,C
Markus Golden,GoldMa00,
Madre Harper,HarpMa00,
Trent Harris,HarrTr01,
Montre Hartage,HartMo01,
Will Hernandez,HernWi00,lg
B.J. Hill,HillB.00,
Darnay Holmes,HolmDa01,db
Johnny Holton,HoltJo00,WR
Austin Johnson,JohnAu01,
Daniel Jones,JoneDa05,QB
Casey Kreiter,KreiCa00,
Niko Lalos,LaloNi00,
Dexter Lawrence,LawrDe03,LDE
Shane Lemieux,LemiSh00,LG
Dion Lewis,LewiDi00,RB
Ryan Lewis,LewiRy01,
Julian Love,LoveJu00,db
Austin Mack,MackAu01,WR
Blake Martinez,MartBl01,LILB
David Mayo,MayoDa00,
Colt McCoy,McCoCo00,QBThrows:Right
Xavier McKinney,McKiXa00,
Alfred Morris,MorrAl00,RB
Matt Peart,PearMa00,
Elijhaa Penny,PennEl00,RB
Jabrill Peppers,PeppJa00,SS
Dante Pettis,PettDa00,WR
Damion Ratley,RatlDa00,WR
Logan Ryan,RyanLo00,FS
Jabaal Sheard,SheaJa00,
Sterling Shepard,ShepSt00,WR
Chad Slade,SladCh01,
Darius Slayton,SlayDa01,WR
Kaden Smith,SmitKa00,TE
Golden Tate,TateGo00,WR
Andrew Thomas,ThomAn02,LT
Levine Toilolo,ToilLe00,TE
Dalvin Tomlinson,TomlDa00,NT
Eric Tomlinson,TomlEr01,
Joe Webb,WebbJo00,
Brandon Williams,WillBr07,
Jarren Williams,WillJa09,
Leonard Williams,WillLe02,DT
Oshane Ximines,XimiOs00,
Isaac Yiadom,YiadIs00,RCB
Kevin Zeitler,ZeitKe00,RG
Josh Adams,AdamJo03,RB
Henry Anderson,AndeHe00,LDE
Josh Andrews,AndrJo01,
Blessuan Austin,AustBl00,RCB
Kalen Ballage,BallKa00,
Corey Ballentine,BallCo00,
Tarell Basham,BashTa00,LOLB
Mekhi Becton,BectMe00,LT
Le'Veon Bell,BellLe00,
Braxton Berrios,BerrBr00,WR
Daniel Brown,BrowDa04,TE
Lawrence Cager,CageLa01,WR
Elijah Campbell,CampEl00,
Blake Cashman,CashBl00,
Sergio Castillo,CastSe00,K
Marqui Christian,ChriMa00,
Jamison Crowder,CrowJa00,WR
Sam Darnold,DarnSa00,QB
Ashtyn Davis,DaviAs00,SS
Noah Dawkins,DawkNo00,
Pierre Desir,DesiPi00,DB
Chuma Edoga,EdogCh00,
Pat Elflein,ElflPa00,lg
George Fant,FantGe00,RT
Matthias Farley,FarlMa00,DB
Folorunso Fatukasi,FatuFo00,NT
Sam Ficken,FickSa00,K
Sharif Finch,FincSh00,
Joe Flacco,FlacJo00,QBThrows:Right
John Franklin-Myers,FranJo02,
Frank Gore,GoreFr00,RB
Ryan Griffin,GrifRy00,te
Javelin Guidry,GuidJa01,
Bryce Hager,HageBr00,
Nate Hairston,HairNa00,
Bryce Hall,HallBr02,LCB
Saquan Hampton,HampSa00,
J.T. Hassell,HassJT00,
Thomas Hennessy,HennTh00,
Chris Herndon,HernCh00,TE
Neville Hewitt,HewiNe00,RILB
Chris Hogan,HogaCh00,WR
Bryce Huff,HuffBr00,
Bennett Jackson,JackBe00,
Lamar Jackson,JackLa02,db
Jordan Jenkins,JenkJo01,ROLB
Ty Johnson,JohnTy02,
Harvey Langi,LangHa00,LILB
Alex Lewis,LewiAl01,
Frankie Luvu,LuvuFr00,
Josh Malone,MaloJo00,WR
Braden Mann,MannBr01,
Arthur Maulet,MaulAr00,ss
Marcus Maye,MayeMa00,FS
Conor McDermott,McDeCo00,
Bradley McDougald,McDoBr01,ss
Connor McGovern,McGoCo00,C
Chase McLaughlin,McLaCh00,
Steve McLendon,McLeSt00,nt
Denzel Mims,MimsDe00,WR
Alec Ogletree,OgleAl00,
Patrick Onwuasor,OnwuPa00,
La'Mical Perine,PeriLa00,RB
Breshad Perriman,PerrBr02,WR
Kyle Phillips,PhilKy00,
Brian Poole,PoolBr01,cb
Jaleel Scott,ScotJa02,WR
Brady Sheldon,ShelBr01,
Nathan Shepherd,ShepNa00,
Tanzel Smart,SmarTa00,
Jeff Smith,SmitJe03,WR
Vyncint Smith,SmitVy00,WR
Ross Travis,TravRo00,
Greg Van Roten,VanRGr00,RG
Trevon Wesco,WescTr00,TE
Quinnen Williams,WillQu00,RDE
Avery Williamson,WillAv00,lilb
Jordan Willis,WillJo09,
Quincy Wilson,WilsQu01,
Jabari Zuniga,ZuniJa00,
JJ Arcega-Whiteside,ArceJJ00,WR
Grayland Arnold,ArnoGr01,
Genard Avery,AverGe00,
Joe Bachie,BachJo01,
Derek Barnett,BarnDe01,LDE
Shaun Bradley,BradSh00,
Jamon Brown,BrowJa04,
Deontay Burnett,BurnDe00,WR
Hakeem Butler,ButlHa00,WR
Corey Clement,ClemCo00,RB
Blake Countess,CounBl00,
Fletcher Cox,CoxxFl00,RDT
Jason Croom,CrooJa00,TE
Vinny Curry,CurrVi00,
Jack Driscoll,DrisJa00,
T.J. Edwards,EdwaTJ02,MLB
Jake Elliott,ElliJa03,K
Marcus Epps,EppsMa00,db
Zach Ertz,ErtzZa00,TE
Rudy Ford,FordRu00,
Travis Fulgham,FulgTr00,WR
Nathan Gerry,GerrNa00,llb
Dallas Goedert,GoedDa00,TE
Brandon Graham,GrahBr99,RDE
Javon Hargrave,HargJa00,LDT
Nate Herbig,HerbNa01,RG
John Hightower,HighJo00,WR
Elijah Holyfield,HolyEl00,
Jameson Houston,HousJa00,
Jordan Howard,HowaJo00,
Jason Huntley,HuntJa01,RB
Jalen Hurts,HurtJa00,QBThrows:Right
DeSean Jackson,JackDe00,wr
Malik Jackson,JackMa02,ldt
Michael Jacquet,JacqMi00,
Craig James,JameCr01,
Alshon Jeffery,JeffAl00,WR
Lane Johnson,JohnLa01,RT
Cameron Johnston,JohnCa02,
Luke Juriga,JuriLu00,
Jason Kelce,KelcJa00,C
Adrian Killins,KillAd00,RB
Cre'von LeBlanc,LeBlCr01,
Rick Lovato,LovaRi00,
Avonte Maddox,MaddAv00,LCB
Jordan Mailata,MailJo00,LT
T.Y. McGill,McGiT.00,
Rodney McLeod,McLeRo00,SS
Jalen Mills,MillJa02,FS
Iosua Opeta,OpetIo00,
Joe Ostman,OstmJo00,
Will Parks,ParkWi01,
Jason Peters,PeteJa21,LT
Ross Pierschbacher,PierRo00,
Matt Pryor,PryoMa00,LG
Jalen Reagor,ReagJa00,WR
Hassan Ridgeway,RidgHa00,
Duke Riley,RileDu00,RLB
Elijah Riley,RileEl01,
Nickell Robey-Coleman,RobeNi00,lcb
Richard Rodgers,RodgRi00,TE
Miles Sanders,SandMi01,RB
Boston Scott,ScotBo02,RB
Isaac Seumalo,SeumIs00,LG
Kevon Seymour,SeymKe00,
Alex Singleton,SingAl00,LLB
Darius Slay,SlayDa00,RCB
Rashad Smith,SmitRa02,
Nate Sudfeld,SudfNa00,QBThrows:Right
Josh Sweat,SweaJo00,
Davion Taylor,TaylDa01,
Casey Toohill,ToohCa00,
Brett Toth,TothBr00,
K'Von Wallace,WallKV00,
Prince Tega Wanogho,WanoTe00,
Greg Ward,WardGr02,WR
Quez Watkins,WatkQu00,WR
Carson Wentz,WentCa00,QB
Raequan Williams,WillRa03,
Trevor Williams,WillTr05,
Caleb Wilson,WilsCa00,
Olasunkanmi Adeniyi,AdenOl00,
Marcus Allen,AlleMa03,
Tyson Alualu,AluaTy99,NT
Zach Banner,BannZa00,
Jordan Berry,BerrJo00,
Chris Boswell,BoswCh00,K
Antoine Brooks Jr.,BrooAn00,
Isaiah Buggs,BuggIs00,
Devin Bush Jr.,BushDe01,lilb
Deon Cain,CainDe00,WR
Kameron Canaday,CanaKa00,
Chase Claypool,ClayCh01,wr
Dustin Colquitt,ColqDu20,
James Conner,ConnJa00,RB
Jordan Dangerfield,DangJo00,
Carlos Davis,DaviCa03,
Sean Davis,DaviSe00,
David DeCastro,DeCaDa00,RG
Joshua Dobbs,DobbJo00,QBThrows:Right
Kevin Dotson,DotsKe00,
Bud Dupree,DuprAl00,ROLB
Eric Ebron,EbroEr00,TE
Terrell Edmunds,EdmuTe00,SS
Trey Edmunds,EdmuTr00,
Jayrone Elliott,ElliJa02,
Matt Feiler,FeilMa00,LG
Minkah Fitzpatrick,FitzMi00,FS
Zach Gentry,GentZa00,TE
Ulysees Gilbert,GilbUl00,
Derwin Gray,GrayDe01,
Joe Haden,HadeJo99,LCB
J.C. Hassenauer,HassJ.00,
Jerald Hawkins,HawkJe00,OT
Cameron Heyward,HeywCa01,DT
Alex Highsmith,HighAl02,rolb
Mike Hilton,HiltMi01,db
Diontae Johnson,JohnDi01,WR
Justin Layne,LaynJu00,
Cassius Marsh,MarsCa00,
Ray-Ray McCloud,McClRa00,WR
Vance McDonald,McDoVa00,TE
Anthony McFarland Jr.,McFaAn00,RB
Henry Mondeaux,MondHe00,
Steven Nelson,NelsSt01,RCB
Chukwuma Okorafor,OkorCh00,RT
James Pierre,PierJa01,
Maurkice Pouncey,PounMa20,C
Kevin Rader,RadeKe00,TE
Ben Roethlisberger,RoetBe00,QB
Mason Rudolph,RudoMa00,QBThrows:Right
Jaylen Samuels,SamuJa00,RB
Tegray Scales,ScalTe00,
Wendell Smallwood,SmalWe00,RB
JuJu Smith-Schuster,SmitJu00,WR
Benny Snell Jr.,SnelBe00,RB
Robert Spillane,SpilRo00,LILB
Cameron Sutton,SuttCa00,db
Stephon Tuitt,TuitSt00,DE
Alejandro Villanueva,VillAl00,LT
James Washington,WashJa00,WR
Derek Watt,WattDe00,FB
T.J. Watt,WattT.00,LOLB
Vince Williams,WillVi01,RILB
Avery Williamson,WillAv00,
Stefen Wisniewski,WisnSt01,
Chris Wormley,WormCh00,
Matthew Wright,WrigMa00,K
Brandon Aiyuk,AiyuBr00,WR
Azeez Al-Shaair,AlShAz00,LLB
Kwon Alexander,AlexKw00,llb
Brian Allen,AlleBr01,
Ezekiel Ansah,AnsaEz00,
Arik Armstead,ArmsAr01,LDE
Alex Barrett,BarrAl00,
C.J. Beathard,BeatC.00,QBThrows:Right
Tony Bergstrom,BergTo00,
Briean Boddy-Calhoun,BoddBr01,
Nick Bosa,BosaNi00,
Kendrick Bourne,BourKe00,wr
Daniel Brunskill,BrunDa00,RG
Josiah Coatney,CoatJo01,
Matt Cole,ColeMa03,
Tevin Coleman,ColeTe01,RB
Tom Compton,CompTo00,
River Cracraft,CracRi00,WR
Johnathan Cyprien,CyprJo00,
Darrion Daniels,DaniDa04,
Ross Dwelley,DwelRo00,TE
Demetrius Flannigan-Fowles,FlanDe00,
Dee Ford,FordDe00,
Ben Garland,GarlBe00,C
Jimmy Garoppolo,GaroJi00,qb
Kevin Givens,GiveKe01,
Robbie Gould,gouldrob01,
Hroniss Grasu,GrasHr00,
Dre Greenlaw,GreeDr00,RLB
Marcell Harris,HarrMa03,
Tim Harris,HarrTi01,
Jamycal Hasty,HastJa02,RB
Daniel Helm,HelmDa01,
Willie Henry,HenrWi00,
Colin Holba,HolbCo00,
Kerry Hyder,HydeKe01,RDE
Richie James,JameRi00,WR
Dontae Johnson,JohnDo02,
D.J. Jones,JoneD.01,RDT
Dion Jordan,JordDi00,
Kyle Juszczyk,JuszKy00,FB
Javon Kinlaw,KinlJa00,LDT
George Kittle,KittGe00,TE
Jordan Matthews,MattJo00,
Jared Mayden,MaydJa01,
Mike McGlinchey,McGlMi00,RT
Jerick McKinnon,McKiJe00,RB
Colton McKivitz,McKiCo00,
Tarvarius Moore,MoorTa00,SS
Emmanuel Moseley,MoseEm00,RCB
Raheem Mostert,MostRa00,RB
Nick Mullens,MullNi00,QB
Kai Nacua,NacuKa00,
Kyle Nelson,NelsKy00,
Mark Nzeocha,NzeoMa00,
Taybor Pepper,PeppTa00,
Dante Pettis,PettDa00,
Jordan Reed,ReedJo02,TE
Deebo Samuel,SamuDe00,wr
Mohamed Sanu,SanuMo00,
Dakoda Shepley,ShepDa01,
Richard Sherman,SherRi00,lcb
Justin Skule,SkulJu00,
Kentavius Street,StreKe00,
Jaquiski Tartt,TartJa00,ss
Jamar Taylor,TaylJa01,
Trent Taylor,TaylTr02,WR
Solomon Thomas,ThomSo00,
Laken Tomlinson,TomlLa01,LG
Jason Verrett,VerrJa00,LCB
Tristan Vizcaino,VizcTr00,K
Joe Walker,WalkJo01,
Austin Walter,WaltAu00,RB
Jimmie Ward,WardJi01,FS
Fred Warner,WarnFr00,MLB
Ken Webster,WebsKe00,CB
Kevin White,WhitKe00,WR
K'Waun Williams,WillKW00,
Trent Williams,WillTr21,LT
Jordan Willis,WillJo09,
Jeff Wilson,WilsJe01,RB
Mitch Wishnowsky,WishMi00,
Ahkello Witherspoon,WithAh00,
Charlie Woerner,WoerCh00,TE
Jamal Adams,AdamJa00,SS
Ugo Amadi,AmadUg00,DB
Ray-Ray Armstrong,ArmsRa01,
Cody Barton,BartCo00,
Nick Bellore,BellNi01,LB
Marquise Blair,BlaiMa01,
Alex Boone,BoonAl21,
Jordyn Brooks,BrooJo01,lb
Duane Brown,BrowDu20,LT
Jonathan Bullard,BullJo00,
Ben Burr-Kirven,BurrBe00,
Chris Carson,CarsCh00,RB
L.J. Collier,CollLJ00,DE
Alex Collins,CollAl00,RB
DeeJay Dallas,DallDe00,RB
Michael Dickson,DickMi00,
Quandre Diggs,DiggQu00,FS
Will Dissly,DissWi00,TE
Quinton Dunbar,DunbQu00,rcb
Carlos Dunlap,DunlCa99,lolb
B.J. Finney,FinnB.01,
Tre Flowers,FlowTr01,rcb
Poona Ford,FordPo00,NT
Kyle Fuller,FullKy01,
Rasheem Green,GreeRa01,
Shaquem Griffin,GrifSh01,
Shaquill Griffin,GrifSh00,LCB
Damon Harrison,HarrDa03,
Penny Hart,HartPe01,WR
Phil Haynes,HaynPh00,
Lano Hill,HillDe02,
Jacob Hollister,HollJa03,te
Travis Homer,HomeTr00,RB
Carlos Hyde,HydeCa00,RB
Bruce Irvin,IrviBr00,
Mike Iupati,IupaMi20,LG
Jamarco Jones,JoneJa08,
Damien Lewis,LewiDa05,RG
Tyler Lockett,LockTy00,WR
Benson Mayowa,MayoBe00,LOLB
D.K. Metcalf,MetcDK00,WR
Bryan Mone,MoneBr00,
Damontre Moore,MoorDa01,
David Moore,MoorDa03,WR
Jason Myers,MyerJa00,K
Ryan Neal,NealRy00,
Cedric Ogbuehi,OgbuCe00,
Greg Olsen,OlseGr00,TE
Tyler Ott,OttxTy00,
Colby Parkinson,ParkCo02,TE
Rashaad Penny,PennRa00,RB
Ethan Pocic,PociEt00,C
Damarious Randall,RandDa00,
D.J. Reed,ReedD.00,RCB
Jarran Reed,ReedJa02,DT
Alton Robinson,RobiAl03,
Anthony Rush,RushAn00,
Bo Scarbrough,ScarBo01,RB
Brandon Shell,ShelBr00,RT
Jordan Simmons,SimmJo00,lg
Geno Smith,SmitGe00,QB
Jayson Stanley,StanJa00,
Linden Stephens,StepLi00,
Stephen Sullivan,SullSt00,
Freddie Swain,SwaiFr00,WR
Neiko Thorpe,ThorNe00,
Bobby Wagner,WagnBo00,RILB
D'Andre Walker,WalkDA02,
Chad Wheeler,WheeCh00,
Luke Willson,WillLu00,
Russell Wilson,WilsRu00,QB
K.J. Wright,WrigK.00,ROLB
Andrew Adams,AdamAn00,
Antony Auclair,AuclAn00,TE
Kenjon Barner,BarnKe00,RB
Shaquil Barrett,BarrSh00,ROLB
Quinton Bell,BellQu00,
Tom Brady,BradTo00,QB
Cameron Brate,BratCa00,TE
Antonio Brown,BrowAn04,WRThrows:Left
Alex Cappa,CappAl00,RG
Jack Cichy,CichJa00,
Ross Cockrell,CockRo00,
Lavonte David,DaviLa00,RILB
Carlton Davis,DaviCa02,LCB
Khalil Davis,DaviKh00,
Jamel Dean,DeanJa00,db
Mike Edwards,EdwaMi01,CB
Mike Evans,EvanMi00,WR
Leonard Fournette,FourLe00,RB
Blaine Gabbert,GabbBl00,QBThrows:Right
William Gholston,GholWi00,RDE
Cam Gill,GillCa00,
Chris Godwin,GodwCh00,WR
Cyril Grayson,GrayCy01,WR
Rob Gronkowski,GronRo00,TE
Joe Haeg,HaegJo00,
O.J. Howard,HowaO.00,TE
Tanner Hudson,HudsTa00,TE
Ryan Jensen,JensRy00,C
Tyler Johnson,JohnTy00,WR
Ronald Jones II,JoneRo01,RB
Jeremiah Ledbetter,LedbJe00,
Ali Marpet,MarpAl00,LG
LeSean McCoy,McCoLe01,RB
Steve McLendon,McLeSt00,
Jaydon Mickens,MickJa01,WR
Herb Miller,MillHe01,
Scott Miller,MillSc01,WR
Kevin Minter,MintKe00,
Parnell Motley,MotlPa00,
Sean Murphy-Bunting,BuntSe00,RCB
Anthony Nelson,NelsAn01,
Rakeem Nunez-Roches,NuneRa00,NT
Pat O'Connor,OConPa00,
Jason Pierre-Paul,PierJa99,LOLB
Bradley Pinion,PiniBr00,
Benning Potoa'e,PotoBe00,
Chapelle Russell,RussCh00,
A.Q. Shipley,ShipA.20,
Donovan Smith,SmitDo02,LT
Ryan Smith,SmitRy00,
Aaron Stinnie,StinAa00,
Ryan Succop,SuccRy44,K
Ndamukong Suh,SuhxNd99,LDE
Zach Triner,TrinZa00,
Ke'Shawn Vaughn,VaugKe00,RB
Vita Vea,VeaxVi00,nt
Justin Watson,WatsJu01,WR
Josh Wells,WellJo02,
Devin White,WhitDe02,LILB
Jordan Whitehead,WhitJo03,FS
Mazzi Wilkins,WilkMa00,
Antoine Winfield Jr.,WinfAn00,SS
Tristan Wirfs,WirfTr00,RT
Ryan Allen,AlleRy01,
Daren Bates,BateDa00,
Cameron Batson,BatsCa00,WR
Vic Beasley,BeasVi00,
Khari Blasingame,BlasKh00,FB
Breon Borders,BordBr00,lcb
Aaron Brewer,BrewAa01,C
Beau Brinkley,BrinBe00,
A.J. Brown,BrowAJ00,WR
Jayon Brown,BrowJa06,RILB
Malcolm Butler,ButlMa01,RCB
Kevin Byard,ByarKe01,FS
Jadeveon Clowney,ClowJa00,LOLB
William Compton,CompWi00,
Kamalei Correa,CorrKa00,
Jack Crawford,CrawJa00,DE
Dane Cruikshank,CruiDa00,
Trevor Daniel,DaniTr00,
Corey Davis,DaviCo03,WR
Nate Davis,DaviNa01,RG
Matt Dickerson,DickMa00,
Jamil Douglas,DougJa00,
Nick Dzubnar,DzubNi00,
Darrynton Evans,EvanDa02,RB
Rashaan Evans,EvanRa01,LILB
Anthony Firkser,FirkAn00,TE
D'Onta Foreman,ForeDO00,RB
Kristian Fulton,FultKr00,
Stephen Gostkowski,GostSt20,K
Derrick Henry ,HenrDe00,RB
Cody Hollister,HollCo00,WR
Amani Hooker,HookAm00,S
Adam Humphries,HumpAd00,WR
Adoree' Jackson,JackAd00,CB
Chris Jackson,JackCh01,
Ben Jones,JoneBe01,C
DaQuan Jones,JoneDa04,NT
Johnathan Joseph,JoseJo20,LCB
Joshua Kalu,KaluJo00,CB
Dennis Kelly,KellDe00,RT
Brett Kern,KernBr20,P
Desmond King,KingDe01,rcb
Harold Landry,LandHa00,ROLB
Taylor Lewan,LewaTa00,lt
David Long,LongDa04,rilb
Isaiah Mack,MackIs00,
Jeremy McNichols,McNiJe00,RB
Christopher Milton,MiltCh00,
Daniel Munyer,MunyDa00,
Larrell Murchison,MurcLa00,
Marshall Newhouse,NewhMa20,
Kareem Orr,OrrxKa00,
Matt Overton,OverMa00,
Senorise Perry,PerrSe00,RB
MyCole Pruitt,PruiMy00,TE
David Quessenberry,QuesDa00,LT
Wyatt Ray,RayxWy01,
Kalif Raymond,RaymKa00,WR
Brooks Reed,ReedBr00,
Derick Roberson,RobeDe01,
Rodger Saffold,SaffRo20,LG
Ty Sambrailo,SambTy00,lt
Jeffery Simmons,SimmJe01,DT
Tuzar Skipper,SkipTu00,
Sam Sloman,SlomSa00,
Jonnu Smith,SmitJo01,TE
Tye Smith,SmitTy01,
Geoff Swaim,SwaiGe00,WR
Ryan Tannehill,TannRy00,QB
Teair Tart,TartTe00,
Kenny Vaccaro,VaccKe00,SS
Nick Westbrook-Ikhine,WestNi00,WR
Isaiah Wilson,WilsIs00,
Logan Woodside,WoodLo00,QB
Jonathan Allen,AlleJo01,RDT
Kyle Allen,AlleKy00,QB
Ryan Anderson,AndeRy00,
Troy Apke,ApkeTr00,FS
Jeff Badet,BadeJe00,WR
Peyton Barber,BarbPe01,RB
Marcus Baugh,BaugMa02,TE
Jonathan Bostic,BostJo00,MLB
Tony Brown,BrowTo03,
Saahdiq Charles,CharSa00,
Geron Christian,ChriGe01,lt
Landon Collins,CollLa00,ss
Kamren Curl,CurlKa00,SS
Ronald Darby,DarbRo00,RCB
Thomas Davis,DaviTh20,
Deshazor Everett,EverDe01,fs
Robert Foster,FostRo01,WR
Kendall Fuller,FullKe00,LCB
Antonio Gandy-Golden,GandAn00,WR
Joshua Garnett,GarnJo00,
Antonio Gibson,GibsAn00,RB
Shaun Dion Hamilton,DionSh00,
Dwayne Haskins,HaskDw00,qb
Taylor Heinicke,HeinTa00,QB
Temarrick Hemingway,HemiTe00,TE
Cole Holcomb,HolcCo00,LLB
Dustin Hopkins,HopkDu00,K
Khaleke Hudson,HudsKh00,
Dontrelle Inman,InmaDo00,WR
Matthew Ioannidis,IoanMa01,
Keith Ismael,IsmaKe00,
Danny Johnson,JohnDa09,CB
Mychal Kendricks,KendMy00,
Ryan Kerrigan,KerrRy00,
Jordan Kunaszyk,KunaJo00,
Devaroe Lawrence,LawrDe02,
Javon Leake,LeakJa01,
Cornelius Lucas,LucaCo01,LT
Cole Luke,LukeCo00,
Wes Martin,MartWe00,lg
J.D. McKissic,McKiJ.00,rb
Terry McLaurin,McLaTe00,WR
Fabian Moreau,MoreFa00,
Jimmy Moreland,MoreJi00,db
Morgan Moses,MoseMo00,RT
Jared Norris,NorrJa00,
Nate Orchard,OrchNa00,
Daron Payne,PaynDa00,LDT
Kevin Pierre-Louis,PierKe00,RLB
Jeremy Reaves,ReavJe00,
Chase Roullier,RoulCh00,C
Brandon Scherff,ScheBr00,RG
Wes Schweitzer,SchwWe00,LG
Tim Settle,SettTi00,
David Sharpe,SharDa02,
Cam Sims,SimsCa00,WR
Steven Sims,SimsSt00,WR
Alex Smith,SmitAl03,QB
James Smith-Williams,SmitJa08,
Jeremy Sprinkle,SpriJe00,TE
David Steinmetz,SteiDa00,
Greg Stroman,StroGr00,CB
Nick Sundberg,SundNi00,
Montez Sweat,SweaMo00,RDE
Logan Thomas,ThomLo00,TE
Casey Toohill,ToohCa00,
Michael Warren,WarrMi01,
Tress Way,WayxTr00,
Isaiah Wright,WrigIs01,wr
Chase Young,YounCh04,LDE
